route_id,order,name,lat,lon
A,1,Hamburg,53.5511,9.9937
A,2,Frankfurt,50.1109,8.6821
A,3,München,48.1351,11.5820
B,1,Tokyo,35.6762,139.6503
B,2,Osaka,34.6937,135.5023
B,3,Manila,14.5995,120.9842
B,4,Jakarta,-6.2088,106.8456
C,1,Los Angeles,34.0522,-118.2437
C,2,Phoenix,33.4484,-112.0740
C,3,Houston,29.7604,-95.3698
C,4,Miami,25.7617,-80.1918
